cleveland, grover|51|Cleveland, Grover
silver question|44|Silver Question
uncle sam|43|Uncle Sam
presidential elections|40|Presidential Elections
mckinley, william|26|Mckinley, William
legislative bodies|26|Legislative Bodies
republican party|24|Republican Party
caricatures|23|Caricatures
washington, george|23|Washington, George
democratic party|21|Democratic Party
bryan, william jennings|21|Bryan, William Jennings
washington (d.c.)|20|Washington D.c.
color|18|Color
great britain|17|Great Britain
prints|16|Prints
hill, david b|16|Hill, David B
political elections|15|Political Elections
international relations|15|International Relations
reed, thomas|14|Reed, Thomas
free trade & protection|14|Free Trade & Protection
women|13|Women
bland, richard parks|13|Bland, Richard Parks
reform|13|Reform
sculpture|12|Sculpture
tariffs|12|Tariffs
carlisle, john griffin|12|Carlisle, John Griffin
donkeys|11|Donkeys
children|11|Children
blaine, james gillispie|11|Blaine, James Gillispie
legislators|11|Legislators
quay, matthew stanley|11|Quay, Matthew Stanley
holman, william steele|10|Holman, William Steele
hanna, marcus alonzo|10|Hanna, Marcus Alonzo
lions|10|Lions
romans|9|Romans
political patronage|9|Political Patronage
(william boyd)|9|William Boyd
allusions|9|Allusions
business & finance|9|Business & Finance
currency question|9|Currency Question
allison, william|9|Allison, William
biblical events|8|Biblical Events
presidents|8|Presidents
democracy|8|Democracy
harrison, benjamin|8|Harrison, Benjamin
legislation|8|Legislation
political platforms|8|Political Platforms
world war|8|World War
crying|8|Crying
randall, samuel jackson|7|Randall, Samuel Jackson
economic policy|7|Economic Policy
(samuel jones)|7|Samuel Jones
tilden, samuel j.|7|Tilden, Samuel J.
jones|7|Jones
populism|7|Populism
political conventions|7|Political Conventions
political parties|7|Political Parties
elephants|6|Elephants
dreaming|6|Dreaming
coins|6|Coins
fighting|6|Fighting
altgeld|6|Altgeld
corruption|6|Corruption
sibley|6|Sibley
military officers|6|Military Officers
boxing|6|Boxing
teller, henry moore|6|Teller, Henry Moore
losers|6|Losers
cabinet officers|5|Cabinet Officers
stewart|5|Stewart
depressions|5|Depressions
(william morris)|5|William Morris
campbell, james edwin|5|Campbell, James Edwin
stewart, william m.|5|Stewart, William M.
ludlow, william|5|Ludlow, William
public speaking|5|Public Speaking
tillman, benjamin ryan|5|Tillman, Benjamin Ryan
bull, john|5|Bull, John
chicago (ill.)|5|Chicago Ill.
boies, horace|5|Boies, Horace
manderson|5|Manderson
kings|5|Kings
presidents & the congress|5|Presidents & The Congress
soviet union|5|Soviet Union
whitney, william c.|5|Whitney, William C.
government spending policy|5|Government Spending Policy
(levi parsons)|5|Levi Parsons
morton, levi p.|5|Morton, Levi P.
barrels|5|Barrels
ohio|5|Ohio
courtship & love|5|Courtship & Love
peffer, william alfred|5|Peffer, William Alfred
cockran, william bourke|5|Cockran, William Bourke
trees|5|Trees
bonds|5|Bonds
bailey|4|Bailey
(arthur pue)|4|Arthur Pue
gorman, arthur p.|4|Gorman, Arthur P.
navies|4|Navies
eagles|4|Eagles
tammany tiger|4|Tammany Tiger
united states. dept. of treasury|4|United States. Dept. Of Treasury
bryan|4|Bryan
winners|4|Winners
fishing|4|Fishing
cattle|4|Cattle
blackburn|4|Blackburn
springer, william m|4|Springer, William M
robberies|4|Robberies
springer, william m.|4|Springer, William M.
platt|4|Platt
fourth of july|4|Fourth Of July
politicians|4|Politicians
white house (washington, d.c.)|4|White House Washington, D.c.
ghosts|4|Ghosts
flags|4|Flags
water supply|4|Water Supply
uncle sam (symbolic character)|4|Uncle Sam Symbolic Character
chandler, william e.|4|Chandler, William E.
farmers|4|Farmers
campaigns & battles|4|Campaigns & Battles
dancing|4|Dancing
indians of north america|4|Indians Of North America
burdens|4|Burdens
boats|4|Boats
taxes|4|Taxes
public opinion|4|Public Opinion
fantasy|3|Fantasy
churches|3|Churches
clippings|3|Clippings
horses|3|Horses
beaches|3|Beaches
ladders|3|Ladders
armies|3|Armies
brice, calvin stewart|3|Brice, Calvin Stewart
couples|3|Couples
depew, chauncey m.|3|Depew, Chauncey M.
(chauncey mitchell)|3|Chauncey Mitchell
ships|3|Ships
avarice|3|Avarice
morrison, william ralls|3|Morrison, William Ralls
samson (biblical judge)|3|Samson Biblical Judge
floods|3|Floods
accidents|3|Accidents
bees|3|Bees
press|3|Press
plays|3|Plays
newspapers|3|Newspapers
civil service reform|3|Civil Service Reform
hiding|3|Hiding
credit|3|Credit
goats|3|Goats
war|3|War
carter, thomas henry|3|Carter, Thomas Henry
cox, samuel sullivan|3|Cox, Samuel Sullivan
roosevelt, theodore|3|Roosevelt, Theodore
dogs|3|Dogs
resolutions|3|Resolutions
arthur, chester alan|3|Arthur, Chester Alan
sherman, william t.|3|Sherman, William T.
government officials|3|Government Officials
bicycles & tricycles|3|Bicycles & Tricycles
wheatley, samuel edwin|3|Wheatley, Samuel Edwin
webb, william benning|3|Webb, William Benning
bondage|3|Bondage
alger|3|Alger
bayard, thomas f.|3|Bayard, Thomas F.
(thomas francis)|3|Thomas Francis
potomac river|3|Potomac River
beer|3|Beer
logan|3|Logan
buckner|3|Buckner
german|3|German
peffer|3|Peffer
commerce|3|Commerce
anarchism|3|Anarchism
grant, ulysses s.|3|Grant, Ulysses S.
ink drawings|3|Ink Drawings
manley|3|Manley
grosvenor|3|Grosvenor
grant, ulysses s|3|Grant, Ulysses S
vest|3|Vest
falling|3|Falling
mcmillin, benton|3|Mcmillin, Benton
satires|3|Satires
wilson|3|Wilson
skeletons|3|Skeletons
resignations|3|Resignations
waite|3|Waite
morton|3|Morton
sibley, joseph|3|Sibley, Joseph
harris|3|Harris
prosperity|3|Prosperity
angels|3|Angels
sherman, john|3|Sherman, John
chasing|3|Chasing
chandler, william e|3|Chandler, William E
eating & drinking|3|Eating & Drinking
bears|3|Bears
whitney, william c|3|Whitney, William C
woodcutting|3|Woodcutting
butler|3|Butler
children misbehaving|3|Children Misbehaving
davis|3|Davis
law enforcement|3|Law Enforcement
grosvenor, c.|3|Grosvenor, C.
grosvenor, c|3|Grosvenor, C
bimetallism|3|Bimetallism
kicking|3|Kicking
bands|3|Bands
prohibition|3|Prohibition
boys|3|Boys
imagination|3|Imagination
ethics|3|Ethics
balloons (aircraft)|3|Balloons Aircraft
(charles anderson)|2|Charles Anderson
butler, h. w|2|Butler, H. W
piracy|2|Piracy
keifer, joseph warren|2|Keifer, Joseph Warren
simpson|2|Simpson
fithian|2|Fithian
animal welfare|2|Animal Welfare
watterson, h.|2|Watterson, H.
inflation|2|Inflation
baltimore sun|2|Baltimore Sun
chinese|2|Chinese
watterson, h|2|Watterson, H
duck shooting|2|Duck Shooting
municipal officials|2|Municipal Officials
carriages & coaches|2|Carriages & Coaches
searching|2|Searching
bayard, thomas|2|Bayard, Thomas
political discussion|2|Political Discussion
dissenters|2|Dissenters
speeches|2|Speeches
sunflowers|2|Sunflowers
soldiers|2|Soldiers
shakespeare, william. hamlet|2|Shakespeare, William. Hamlet
foraker, joseph benson|2|Foraker, Joseph Benson
dynamite|2|Dynamite
veterans|2|Veterans
circuses & shows|2|Circuses & Shows
competition (social sciences)|2|Competition Social Sciences
singing|2|Singing
contests|2|Contests
lamont, daniel scott|2|Lamont, Daniel Scott
sherman, william t|2|Sherman, William T
military parades & ceremonies|2|Military Parades & Ceremonies
crowns|2|Crowns
united states capitol (washington, d.c.)|2|United States Capitol Washington, D.c.
cuba|2|Cuba
voorhees|2|Voorhees
blaming|2|Blaming
cupid (roman deity)|2|Cupid Roman Deity
moon|2|Moon
washington monument (washington, d.c.)|2|Washington Monument Washington, D.c.
olney|2|Olney
lent|2|Lent
operas & operettas|2|Operas & Operettas
spain|2|Spain
carlisle|2|Carlisle
germany|2|Germany
ireland|2|Ireland
wolcott, edward oliver|2|Wolcott, Edward Oliver
horse racing|2|Horse Racing
railroads|2|Railroads
wetlands|2|Wetlands
sunrises & sunsets|2|Sunrises & Sunsets
national defense|2|National Defense
reed|2|Reed
poultry|2|Poultry
eggs|2|Eggs
laundry|2|Laundry
sphinxes|2|Sphinxes
governors|2|Governors
sleeping|2|Sleeping
iowa|2|Iowa
doors & doorways|2|Doors & Doorways
ship of state|2|Ship Of State
monopolies|2|Monopolies
forts & fortifications|2|Forts & Fortifications
pugh|2|Pugh
swine|2|Swine
southern states|2|Southern States
barrooms|2|Barrooms
meetings|2|Meetings
fassett|2|Fassett
wheat|2|Wheat
education|2|Education
chairs|2|Chairs
apples|2|Apples
russell|2|Russell
shakespeare, william. julius caesar|2|Shakespeare, William. Julius Caesar
tracey|2|Tracey
death|2|Death
fires|2|Fires
criminals|2|Criminals
boston (mass.)|2|Boston Mass.
clubbing|2|Clubbing
hospitals|2|Hospitals
communicable diseases|2|Communicable Diseases
parades & processions|2|Parades & Processions
cats|2|Cats
alcoholic beverages|2|Alcoholic Beverages
pennover|2|Pennover
walls|2|Walls
autonomy|2|Autonomy
knights|2|Knights
disasters|2|Disasters
vice presidents|2|Vice Presidents
bells|2|Bells
gold|2|Gold
eckels|2|Eckels
arrows|2|Arrows
santa claus|2|Santa Claus
seals (animals)|2|Seals Animals
thurber|2|Thurber
new york (state)|2|New York State
football|2|Football
toys|2|Toys
peace|2|Peace
vest, george graham|2|Vest, George Graham
pails|2|Pails
knights of pythias|2|Knights Of Pythias
greeks|2|Greeks
thacher, john boyd|2|Thacher, John Boyd
dana, charles a.|2|Dana, Charles A.
parrots|2|Parrots
reed, thomas b|2|Reed, Thomas B
periodical illustrations|2|Periodical Illustrations
prophecy|2|Prophecy
morton, j. sterling|2|Morton, J. Sterling
(julius sterling)|2|Julius Sterling
walking the plank|2|Walking The Plank
strong|2|Strong
quay|2|Quay
mcclellan|2|Mcclellan
cannon|2|Cannon
pleading|2|Pleading
morgan|2|Morgan
(william collins)|2|William Collins
carts & wagons|2|Carts & Wagons
new york (n.y.)|2|New York N.y.
roller skating|2|Roller Skating
(biblical prophet)|2|Biblical Prophet
camels|2|Camels
running|2|Running
wolfert|2|Wolfert
capitalism|2|Capitalism
palmer|2|Palmer
kilgore, buck|2|Kilgore, Buck
li, hung-chang|2|Li, Hung-chang
classrooms|2|Classrooms
dandies|2|Dandies
coxey, j.|2|Coxey, J.
coxey, j|2|Coxey, J
(1919)|2|1919
united states. civil service commission|2|United States. Civil Service Commission
launchings|2|Launchings
bradley|2|Bradley
child behavior|2|Child Behavior
pianos|2|Pianos
jinns|2|Jinns
clarkson|2|Clarkson
fireplaces|2|Fireplaces
hats|2|Hats
quarreling|2|Quarreling
napoleon|2|Napoleon
i|2|I
emperor of the french|2|Emperor Of The French
whitney, william|2|Whitney, William
clouds|2|Clouds
banks|2|Banks
dubois|2|Dubois
silver republican party|2|Silver Republican Party
china|2|China
france|2|France
civil service|2|Civil Service
food prices|2|Food Prices
meat industry|2|Meat Industry
shipping|2|Shipping
butler, h. w.|2|Butler, H. W.
beards|2|Beards
bathtubs & showers|2|Bathtubs & Showers
whales|2|Whales
imagining|2|Imagining
mugwumps|2|Mugwumps
body builders|2|Body Builders
congress|2|Congress
senate|2|Senate
treaty of versailles|2|Treaty Of Versailles
hatch|1|Hatch
dumas, alexandre,. comte monte-cristo|1|Dumas, Alexandre,. Comte Monte-cristo
jones, g.|1|Jones, G.
united states. dept. of agriculture|1|United States. Dept. Of Agriculture
advertisements|1|Advertisements
cummings, homer s.|1|Cummings, Homer S.
(homer stille)|1|Homer Stille
sulzer, william|1|Sulzer, William
farewells|1|Farewells
employment|1|Employment
tammany hall|1|Tammany Hall
croker, richard|1|Croker, Richard
sickles|1|Sickles
tenure of office|1|Tenure Of Office
sinbad the sailor|1|Sinbad The Sailor
nursery rhymes|1|Nursery Rhymes
jones, g|1|Jones, G
horse railroads|1|Horse Railroads
clark, champ|1|Clark, Champ
johnson, hiram|1|Johnson, Hiram
westward movement|1|Westward Movement
continental divide|1|Continental Divide
dolph|1|Dolph
ballads|1|Ballads
johnson, tom|1|Johnson, Tom
weller|1|Weller
bynun|1|Bynun
trolley|1|Trolley
lasker, eduard|1|Lasker, Eduard
widows|1|Widows
butler, benjamin franklin|1|Butler, Benjamin Franklin
men|1|Men
white, j.|1|White, J.
defense budgets|1|Defense Budgets
sun|1|Sun
seas|1|Seas
eclipses|1|Eclipses
finerty|1|Finerty
lilies|1|Lilies
animal behavior|1|Animal Behavior
democratic party (u.s.)|1|Democratic Party U.s.
shipwrecks|1|Shipwrecks
scylla and charybdis (greek mythology)|1|Scylla And Charybdis Greek Mythology
belford|1|Belford
(james middleton)|1|James Middleton
spring|1|Spring
judges|1|Judges
reed, thomas beckett|1|Reed, Thomas Beckett
evarts, william maxwell|1|Evarts, William Maxwell
aerialists|1|Aerialists
wheelbarrows|1|Wheelbarrows
st. paul (ship)|1|St. Paul Ship
daredevils|1|Daredevils
waterfalls|1|Waterfalls
niagara falls (n.y. and ont.)|1|Niagara Falls N.y. And Ont.
herons|1|Herons
dubois, frederick t.|1|Dubois, Frederick T.
(frederick thomas)|1|Frederick Thomas
bottles|1|Bottles
assassinations|1|Assassinations
mantle, lee|1|Mantle, Lee
robinson, r|1|Robinson, R
baseball|1|Baseball
wisdom|1|Wisdom
united states. dept. of justice|1|United States. Dept. Of Justice
rain|1|Rain
richelieu, armand jean du plessis, duc de|1|Richelieu, Armand Jean Du Plessis, Duc De
white, j. b|1|White, J. B
wheeler, wayne bidwell|1|Wheeler, Wayne Bidwell
water pumps|1|Water Pumps
dolliver|1|Dolliver
warehouses|1|Warehouses
bribery|1|Bribery
payne|1|Payne
edmunds|1|Edmunds
lincoln|1|Lincoln
drinking vessels|1|Drinking Vessels
symbols|1|Symbols
fools & jesters|1|Fools & Jesters
pies|1|Pies
stairways|1|Stairways
childs|1|Childs
sheridan, philip|1|Sheridan, Philip
conkling, roscoe|1|Conkling, Roscoe
paperwork|1|Paperwork
fireworks|1|Fireworks
statuary hall|1|Statuary Hall
winter|1|Winter
agesander. laocoon group|1|Agesander. Laocoon Group
kelly, j.|1|Kelly, J.
kelly, j|1|Kelly, J
bering sea|1|Bering Sea
blind man's bluff|1|Blind Man's Bluff
mcdonald|1|Mcdonald
hendricks|1|Hendricks
butler, benjamin|1|Butler, Benjamin
new hampshire|1|New Hampshire
disaster relief|1|Disaster Relief
lincoln, abraham|1|Lincoln, Abraham
puck (fictitious character)|1|Puck Fictitious Character
thrones|1|Thrones
bags|1|Bags
anniversaries|1|Anniversaries
garfield, james a.|1|Garfield, James A.
garfield, james a|1|Garfield, James A
sullivan, john l.|1|Sullivan, John L.
payne, h.|1|Payne, H.
passengers|1|Passengers
payne, h. b|1|Payne, H. B
malory, thomas, sir, 15th cent. morte d'arthur|1|Malory, Thomas, Sir, 15th Cent. Morte D'arthur
daggers & swords|1|Daggers & Swords
edmunds, anthony|1|Edmunds, Anthony
st. anthony|1|St. Anthony
victory|1|Victory
laborers|1|Laborers
jesus christ|1|Jesus Christ
government buildings|1|Government Buildings
hotels & taverns|1|Hotels & Taverns
whitney|1|Whitney
bouquets|1|Bouquets
reading|1|Reading
waiters|1|Waiters
blair|1|Blair
deportations|1|Deportations
geary exclusion act|1|Geary Exclusion Act
farms|1|Farms
assistance|1|Assistance
coney island (new york, n.y.)|1|Coney Island New York, N.y.
bergh|1|Bergh
jones, t.|1|Jones, T.
hancock, winfield scott|1|Hancock, Winfield Scott
johnston|1|Johnston
earthquakes|1|Earthquakes
sheridan, phillip|1|Sheridan, Phillip
funeral rites & ceremonies|1|Funeral Rites & Ceremonies
ostriches|1|Ostriches
roping|1|Roping
bismarck, otto|1|Bismarck, Otto
fürst von|1|Fürst Von
whitney, william collins|1|Whitney, William Collins
imperialism|1|Imperialism
dead animals|1|Dead Animals
american samoa|1|American Samoa
du maurier, george,. trilby|1|Du Maurier, George,. Trilby
marriage proposals|1|Marriage Proposals
deer|1|Deer
dodos|1|Dodos
harrison|1|Harrison
rewards & prizes|1|Rewards & Prizes
road construction|1|Road Construction
bladensburg road (washington, d.c.)|1|Bladensburg Road Washington, D.c.
wells|1|Wells
monuments & memorials|1|Monuments & Memorials
dolphins|1|Dolphins
wwsl|1|Wwsl
roosters|1|Roosters
intoxication|1|Intoxication
wagner, richard,. tannhauser|1|Wagner, Richard,. Tannhauser
history|1|History
war of 1898|1|War Of 1898
entertaining|1|Entertaining
new year|1|New Year
surplus commodities|1|Surplus Commodities
naval warfare|1|Naval Warfare
skulls|1|Skulls
cholera|1|Cholera
hammocks (furniture)|1|Hammocks Furniture
presidential inaugurations|1|Presidential Inaugurations
housing|1|Housing
mutinies|1|Mutinies
food|1|Food
proctor, redfield|1|Proctor, Redfield
bandwagons|1|Bandwagons
weather|1|Weather
swift, jonathan,. gulliver's travels|1|Swift, Jonathan,. Gulliver's Travels
turtles|1|Turtles
hobart|1|Hobart
thurston|1|Thurston
heath|1|Heath
bland|1|Bland
morrison|1|Morrison
cox, james m.|1|Cox, James M.
weyler, general|1|Weyler, General
armor|1|Armor
tin|1|Tin
industrial trusts|1|Industrial Trusts
ballet|1|Ballet
sketches|1|Sketches
entrepreneurs|1|Entrepreneurs
cemeteries|1|Cemeteries
telephones|1|Telephones
curtis, g. william|1|Curtis, G. William
crowds|1|Crowds
jones, george|1|Jones, George
organizations|1|Organizations
clumsiness|1|Clumsiness
stools|1|Stools
crosses|1|Crosses
crown of thorns|1|Crown Of Thorns
choice (psychology)|1|Choice Psychology
railroad accidents|1|Railroad Accidents
autumn|1|Autumn
big business|1|Big Business
mortgages|1|Mortgages
children sleeping|1|Children Sleeping
patent medicines|1|Patent Medicines
flower, william o.|1|Flower, William O.
chile|1|Chile
whipping|1|Whipping
adults & children|1|Adults & Children
stoneworking|1|Stoneworking
pulling|1|Pulling
welle, david a.|1|Welle, David A.
mills|1|Mills
riel, louis|1|Riel, Louis
whiting|1|Whiting
welle, david a|1|Welle, David A
schurtz, c.|1|Schurtz, C.
cobwebs|1|Cobwebs
aphrodite (greek deity)|1|Aphrodite Greek Deity
paris (greek mythology)|1|Paris Greek Mythology
athena (greek deity)|1|Athena Greek Deity
hera (greek deity)|1|Hera Greek Deity
wolseley|1|Wolseley
afghanistan|1|Afghanistan
gods|1|Gods
progressivism|1|Progressivism
shakespeare, william. macbeth|1|Shakespeare, William. Macbeth
philadelphia (pa.)|1|Philadelphia Pa.
harter|1|Harter
williams|1|Williams
cochran|1|Cochran
cameron, j. donald|1|Cameron, J. Donald
books|1|Books
torches|1|Torches
schurtz, c|1|Schurtz, C
miserliness|1|Miserliness
richard|1|Richard
kennels|1|Kennels
united states. bureau of indian affairs|1|United States. Bureau Of Indian Affairs
iii|1|Iii
luther, martin|1|Luther, Martin
briggs|1|Briggs
actions & defenses|1|Actions & Defenses
king of england|1|King Of England
freedom of religion|1|Freedom Of Religion
siamese twins|1|Siamese Twins
entertainers|1|Entertainers
banking|1|Banking
parker, alton brooks|1|Parker, Alton Brooks
ross|1|Ross
litters|1|Litters
gresham, walter quintin|1|Gresham, Walter Quintin
war casualties|1|War Casualties
st. matthew|1|St. Matthew
hours of labor|1|Hours Of Labor
gates, st. peter|1|Gates, St. Peter
moving & storage trade|1|Moving & Storage Trade
robinson, r.|1|Robinson, R.
lyman|1|Lyman
johnson|1|Johnson
refuse disposal|1|Refuse Disposal
covered wagons|1|Covered Wagons
metallurgical industry|1|Metallurgical Industry
west (u.s.)|1|West U.s.
holam|1|Holam
lewelling|1|Lewelling
diplomatic protests|1|Diplomatic Protests
lease, mrs|1|Lease, Mrs
simpson, j.|1|Simpson, J.
simpson, j|1|Simpson, J
blount, james h.|1|Blount, James H.
(james henderson)|1|James Henderson
kelly|1|Kelly
queens|1|Queens
liliuokalani, queen of hawaii|1|Liliuokalani, Queen Of Hawaii
noah's ark|1|Noah's Ark
gladstone, herbert john gladstone|1|Gladstone, Herbert John Gladstone
viscount|1|Viscount
fans (accessories)|1|Fans Accessories
heat|1|Heat
rowboats|1|Rowboats
centennial celebrations|1|Centennial Celebrations
grooming|1|Grooming
scapegoats|1|Scapegoats
sherman silver law of 1890|1|Sherman Silver Law Of 1890
waterspouts|1|Waterspouts
executive power|1|Executive Power
washington post|1|Washington Post
fear|1|Fear
dickinson, don|1|Dickinson, Don
standard oil company|1|Standard Oil Company
emperors|1|Emperors
anxiety|1|Anxiety
sirens (mythology)|1|Sirens Mythology
bunyan, john,. pilgrim's progress|1|Bunyan, John,. Pilgrim's Progress
farm relief|1|Farm Relief
cornucopias|1|Cornucopias
idols|1|Idols
giants (fictitious characters)|1|Giants Fictitious Characters
bicycle racing|1|Bicycle Racing
boutelle|1|Boutelle
sullivan, john l|1|Sullivan, John L
tigers|1|Tigers
croker, dick|1|Croker, Dick
murphy|1|Murphy
hendricks, thomas|1|Hendricks, Thomas
hawaii|1|Hawaii
dockery|1|Dockery
medicine shows|1|Medicine Shows
hairdressing|1|Hairdressing
enloe|1|Enloe
de armond|1|De Armond
coxey|1|Coxey
parliamentary practice|1|Parliamentary Practice
cuckoo clocks|1|Cuckoo Clocks
golf|1|Golf
kilts|1|Kilts
vacations|1|Vacations
night|1|Night
obliviousness|1|Obliviousness
pandora (greek mythology)|1|Pandora Greek Mythology
mount pleasant (washington, d.c.)|1|Mount Pleasant Washington, D.c.
hancock|1|Hancock
morrill, justin s.|1|Morrill, Justin S.
(justin smith)|1|Justin Smith
thinking|1|Thinking
aldrich, nelson|1|Aldrich, Nelson
foundlings|1|Foundlings
mcpherson|1|Mcpherson
fairies|1|Fairies
beans|1|Beans
containers|1|Containers
slogans|1|Slogans
allen|1|Allen
hill, d.|1|Hill, D.
bayard|1|Bayard
hill, d. b|1|Hill, D. B
ox teams|1|Ox Teams
strikes|1|Strikes
harbors|1|Harbors
peddlers|1|Peddlers
signs|1|Signs
auctions|1|Auctions
peacocks|1|Peacocks
crackers|1|Crackers
bellows|1|Bellows
st. john|1|St. John
father knickerbocker (fictitious character)|1|Father Knickerbocker Fictitious Character
new york|1|New York
lawlor, frank|1|Lawlor, Frank
city council members|1|City Council Members
christmas stockings|1|Christmas Stockings
blessing & cursing|1|Blessing & Cursing
harlan, john marshall|1|Harlan, John Marshall
white, edward douglass|1|White, Edward Douglass
supreme court justices|1|Supreme Court Justices
ochiltree|1|Ochiltree
niobe|1|Niobe
byron, george gordon byron, baron,. childe harold|1|Byron, George Gordon Byron, Baron,. Childe Harold
dead persons|1|Dead Persons
income taxes|1|Income Taxes
moses|1|Moses
(biblical leader)|1|Biblical Leader
cameron|1|Cameron
ingalls|1|Ingalls
dueling|1|Dueling
et tu brute|1|Et Tu Brute
journalism|1|Journalism
arbor day|1|Arbor Day
thompson|1|Thompson
ball & chain|1|Ball & Chain
mayors|1|Mayors
stewart, william|1|Stewart, William
cannon, joseph gurney|1|Cannon, Joseph Gurney
artillery|1|Artillery
central park (new york, n.y.)|1|Central Park New York, N.y.
brice|1|Brice
hill|1|Hill
stevenson|1|Stevenson
zoos|1|Zoos
cummings|1|Cummings
henderson|1|Henderson
tourist trade|1|Tourist Trade
venezuela|1|Venezuela
greenbacks|1|Greenbacks
joshua|1|Joshua
salisbury, lord|1|Salisbury, Lord
moore|1|Moore
united states. weather bureau|1|United States. Weather Bureau
wheels|1|Wheels
furniture|1|Furniture
belmont|1|Belmont
rothschild|1|Rothschild
(biblical figure)|1|Biblical Figure
yellow journalism|1|Yellow Journalism
horns|1|Horns
sullivan, arthur, sir,. mikado|1|Sullivan, Arthur, Sir,. Mikado
invitations|1|Invitations
jonah|1|Jonah
swearing|1|Swearing
correspondence|1|Correspondence
gifts|1|Gifts
valentines|1|Valentines
sea monsters|1|Sea Monsters
horr|1|Horr
barbed wire|1|Barbed Wire
winds|1|Winds
jones, thomas|1|Jones, Thomas
actresses|1|Actresses
theatrical productions|1|Theatrical Productions
radiography|1|Radiography
monroe doctrine|1|Monroe Doctrine
tricks|1|Tricks
april fools' day|1|April Fools' Day
daniel|1|Daniel
(biblical character)|1|Biblical Character
smoke|1|Smoke
boynton|1|Boynton
albany (n.y.)|1|Albany N.y.
locks (hardware)|1|Locks Hardware
encyclopedias & dictionaries|1|Encyclopedias & Dictionaries
keifer|1|Keifer
nepotism|1|Nepotism
hewitt, james carey|1|Hewitt, James Carey
jeremiah|1|Jeremiah
cookery|1|Cookery
hate mail|1|Hate Mail
arts & crafts|1|Arts & Crafts
lightning|1|Lightning
tree limbs|1|Tree Limbs
saws|1|Saws
mountaineers|1|Mountaineers
tillman|1|Tillman
drums|1|Drums
watson, t.|1|Watson, T.
easter|1|Easter
children playing outdoors|1|Children Playing Outdoors
thurman|1|Thurman
roach|1|Roach
sewall, a.|1|Sewall, A.
cullom, george washington|1|Cullom, George Washington
cerberus (greek mythology)|1|Cerberus Greek Mythology
horseback riding|1|Horseback Riding
novels|1|Novels
boutelle, james|1|Boutelle, James
seamen|1|Seamen
confederate states of america|1|Confederate States Of America
bloody shirt|1|Bloody Shirt
sectionalism (united states)|1|Sectionalism United States
optimism|1|Optimism
call, w.|1|Call, W.
florida|1|Florida
call, w|1|Call, W
monsters|1|Monsters
slates|1|Slates
monkeys|1|Monkeys
gregory|1|Gregory
bonnets|1|Bonnets
leap years|1|Leap Years
bloomers|1|Bloomers
matthews|1|Matthews
toasting|1|Toasting
parks|1|Parks
coffins|1|Coffins
mercury (roman deity)|1|Mercury Roman Deity
poor persons|1|Poor Persons
jones, j. k.|1|Jones, J. K.
democratic national committee|1|Democratic National Committee
debt|1|Debt
jones, j. k|1|Jones, J. K
western wall (jerusalem)|1|Western Wall Jerusalem
eaton|1|Eaton
pyramids|1|Pyramids
communication devices|1|Communication Devices
tents|1|Tents
sulking|1|Sulking
dickinson|1|Dickinson
balloons|1|Balloons
aldrich|1|Aldrich
nelson|1|Nelson
debs, eugene v.|1|Debs, Eugene V.
(eugene victor)|1|Eugene Victor
cockfighting|1|Cockfighting
thoman|1|Thoman
laboring classes|1|Laboring Classes
pygmalion (greek mythology)|1|Pygmalion Greek Mythology
galatea (greek deity)|1|Galatea Greek Deity
wishing|1|Wishing
chains|1|Chains
tell, wilhelm|1|Tell, Wilhelm
legends|1|Legends
archery|1|Archery
hercules (roman mythology)|1|Hercules Roman Mythology
platt, orville|1|Platt, Orville
logs|1|Logs
boulders|1|Boulders
deficit financing|1|Deficit Financing
names|1|Names
seeds|1|Seeds
clergy|1|Clergy
worship|1|Worship
fathers & children|1|Fathers & Children
prodigal son (parable)|1|Prodigal Son Parable
ghouls|1|Ghouls
fairy tales|1|Fairy Tales
caves|1|Caves
demons|1|Demons
sacrifices|1|Sacrifices
hale, eugene|1|Hale, Eugene
bullfighting|1|Bullfighting
dupuy de lome|1|Dupuy De Lome
weyler|1|Weyler
father time|1|Father Time
penstocks|1|Penstocks
columbia (fictitious character)|1|Columbia Fictitious Character
farming|1|Farming
cadmus (greek mythology)|1|Cadmus Greek Mythology
elkins|1|Elkins
spooner|1|Spooner
cullom|1|Cullom
foraker|1|Foraker
witchcraft|1|Witchcraft
punishment & torture|1|Punishment & Torture
hoke|1|Hoke
nero|1|Nero
violoncellos|1|Violoncellos
simons|1|Simons
magic|1|Magic
waterworks|1|Waterworks
ice skating|1|Ice Skating
racing|1|Racing
gray, stephen|1|Gray, Stephen
adlai|1|Adlai
flower, benjamin|1|Flower, Benjamin
vilas|1|Vilas
mulhatton, joe|1|Mulhatton, Joe
halloween|1|Halloween
reflections|1|Reflections
lewis, john llewellyn|1|Lewis, John Llewellyn
aircraft|1|Aircraft
mckinley, william parsons|1|Mckinley, William Parsons
inventions|1|Inventions
delilah (biblical figure)|1|Delilah Biblical Figure
barbershops|1|Barbershops
fairchild|1|Fairchild
herbert|1|Herbert
game bird hunting|1|Game Bird Hunting
hunting dogs|1|Hunting Dogs
fences|1|Fences
pennsylvania|1|Pennsylvania
nebraska|1|Nebraska
maine|1|Maine
poaching|1|Poaching
dalzell|1|Dalzell
presidential terms of office|1|Presidential Terms Of Office
pitchforks|1|Pitchforks
anarchy|1|Anarchy
franklin, benjamin|1|Franklin, Benjamin
upper classes|1|Upper Classes
wreaths|1|Wreaths
national society of colonial dames in the state of new york|1|National Society Of Colonial Dames In The State Of New York
homer|1|Homer
competition (psychology)|1|Competition Psychology
blind persons|1|Blind Persons
harps|1|Harps
sherman|1|Sherman
pettigrew|1|Pettigrew
stanton|1|Stanton
seward, william|1|Seward, William
johnson, andrew|1|Johnson, Andrew
scylla & charybdis|1|Scylla & Charybdis
fleur-de-lis|1|Fleur-de-lis
monroe, james|1|Monroe, James
shadows|1|Shadows
hypocrisy|1|Hypocrisy
armenia|1|Armenia
transvaal (south africa)|1|Transvaal South Africa
weddings|1|Weddings
cornelia|1|Cornelia
district of columbia|1|District Of Columbia
arican americans|1|Arican Americans
cleopatra|1|Cleopatra
queen of egypt|1|Queen Of Egypt
30 c.|1|30 C.
30 c|1|30 C
storytelling|1|Storytelling
mahany|1|Mahany
lorimer|1|Lorimer
belknap|1|Belknap
southwick|1|Southwick
nicholas|1|Nicholas
ii|1|Ii
emperor of russia|1|Emperor Of Russia
coronations|1|Coronations
children cooking|1|Children Cooking
presidential appointments|1|Presidential Appointments
sullivan, arthur, sir,. patience|1|Sullivan, Arthur, Sir,. Patience
kansas|1|Kansas
wisconsin|1|Wisconsin
kentucky|1|Kentucky
minnesota|1|Minnesota
indiana|1|Indiana
narcotics|1|Narcotics
chandler|1|Chandler
bareback riding|1|Bareback Riding
populist party|1|Populist Party
stanton, elizabeth cady|1|Stanton, Elizabeth Cady
women's suffrage|1|Women's Suffrage
anthony, susan|1|Anthony, Susan
(susan brownell)|1|Susan Brownell
national american woman suffrage association|1|National American Woman Suffrage Association
allegories|1|Allegories
horatius cocles|1|Horatius Cocles
bridges|1|Bridges
defeat|1|Defeat
cox|1|Cox
machinery|1|Machinery
lodging houses|1|Lodging Houses
duress (law)|1|Duress Law
pensions|1|Pensions
tawney|1|Tawney
stagecoaches|1|Stagecoaches
mantle|1|Mantle
carter|1|Carter
united states. supreme court|1|United States. Supreme Court
firecrackers|1|Firecrackers
celestial bodies|1|Celestial Bodies
riding|1|Riding
platt, oliver|1|Platt, Oliver
levi|1|Levi
prophets|1|Prophets
property|1|Property
marriage|1|Marriage
heads|1|Heads
fictitious characters|1|Fictitious Characters
harvesting|1|Harvesting
wwls|1|Wwls
governmental investigations|1|Governmental Investigations
villages|1|Villages
watson, t|1|Watson, T
la gascogne (ship)|1|La Gascogne Ship
children eating & drinking|1|Children Eating & Drinking
starvation|1|Starvation
sewall, a|1|Sewall, A
railroad locomotives|1|Railroad Locomotives
claret|1|Claret
tramps|1|Tramps
mountaineering|1|Mountaineering
children & adults|1|Children & Adults
escapes|1|Escapes
stoves|1|Stoves
steeples|1|Steeples
lighthouses|1|Lighthouses
ballooning accidents|1|Ballooning Accidents
children fishing|1|Children Fishing
medicines|1|Medicines
physicians|1|Physicians
weight loss|1|Weight Loss
prisons|1|Prisons
robots|1|Robots
chimney sweeps|1|Chimney Sweeps
houses|1|Houses
rescues|1|Rescues
bathhouses|1|Bathhouses
adventure comics|1|Adventure Comics
lion hunting|1|Lion Hunting
africa|1|Africa
explorers|1|Explorers
teddy bears|1|Teddy Bears
baskets|1|Baskets
hoff|1|Hoff
butcher shops|1|Butcher Shops
cost & standard of living|1|Cost & Standard Of Living
barnard, george grey|1|Barnard, George Grey
destruction & pillage|1|Destruction & Pillage
germans|1|Germans
casement, roger|1|Casement, Roger
death & burial|1|Death & Burial
rebels|1|Rebels
pershing, john j.|1|Pershing, John J.
(john joseph)|1|John Joseph
villa, pancho|1|Villa, Pancho
military occupations|1|Military Occupations
mexico|1|Mexico
snakes|1|Snakes
causes|1|Causes
diplomacy|1|Diplomacy
gloves|1|Gloves
maps|1|Maps
mars (roman deity)|1|Mars Roman Deity
warriors|1|Warriors
outer space|1|Outer Space
earth|1|Earth
lodge, henry cabot|1|Lodge, Henry Cabot
cows|1|Cows
jones, wesley livsey|1|Jones, Wesley Livsey
committee on foreign relations|1|Committee On Foreign Relations
hurd, frank|1|Hurd, Frank
beringer|1|Beringer
wilson, woodrow|1|Wilson, Woodrow
schools|1|Schools
students|1|Students
families|1|Families
child discipline|1|Child Discipline
judicial proceedings|1|Judicial Proceedings
